dealer_id,year,category,claim_count,avg_labor_hours,avg_parts_cost,peer_avg_labor_hours,peer_avg_parts_cost,labor_vs_peer_pct,cost_vs_peer_pct,rejection_rate_pct,tier
DLR-001,2023,Cooling,22,2.4,752.09,2.5,809.46,-4.0,-7.1,18.2,Platinum
DLR-001,2023,Drivetrain,6,1.7,3170.58,1.57,2613.98,8.3,21.3,16.7,Platinum
DLR-001,2023,Cab/Body,5,1.38,304.75,1.46,286.38,-5.5,6.4,20.0,Platinum
DLR-001,2023,Transmission,7,2.33,2560.55,3.15,2867.89,-26.0,-10.7,0.0,Platinum
DLR-001,2023,Brake,15,2.51,659.89,2.7,545.46,-7.0,21.0,13.3,Platinum
DLR-001,2023,Fuel,7,1.29,646.82,1.51,1272.29,-14.6,-49.2,14.3,Platinum
DLR-001,2023,Electrical,19,2.11,971.91,2.13,1192.54,-0.9,-18.5,15.8,Platinum
DLR-001,2023,Engine,16,2.57,2385.97,2.62,2507.48,-1.9,-4.8,25.0,Platinum
DLR-001,2023,Emission,19,2.33,1552.07,2.36,1845.25,-1.3,-15.9,31.6,Platinum
DLR-001,2024,Cooling,20,2.75,1114.85,2.86,988.09,-3.8,12.8,15.0,Platinum
DLR-001,2024,Drivetrain,12,1.18,1775.96,1.49,2290.48,-20.8,-22.5,16.7,Platinum
DLR-001,2024,Cab/Body,7,1.31,338.9,1.58,255.69,-17.1,32.5,14.3,Platinum
DLR-001,2024,Transmission,16,3.16,2866.86,2.88,2823.25,9.7,1.5,6.2,Platinum
DLR-001,2024,Brake,17,2.67,664.73,2.71,651.61,-1.5,2.0,29.4,Platinum
DLR-001,2024,Fuel,18,1.53,994.95,1.44,1217.64,6.3,-18.3,0.0,Platinum
DLR-001,2024,Electrical,15,2.32,1239.88,2.22,1000.79,4.5,23.9,20.0,Platinum
DLR-001,2024,Engine,26,2.79,2531.89,2.68,2755.25,4.1,-8.1,19.2,Platinum
DLR-001,2024,Emission,24,2.27,1990.59,2.47,1928.32,-8.1,3.2,16.7,Platinum
DLR-001,2025,Cooling,24,2.2,678.98,2.5,825.32,-12.0,-17.7,20.8,Platinum
DLR-001,2025,Drivetrain,8,1.71,3157.1,1.3,1947.33,31.5,62.1,37.5,Platinum
DLR-001,2025,Cab/Body,12,1.34,341.66,1.53,278.24,-12.4,22.8,8.3,Platinum
DLR-001,2025,Transmission,16,3.0,2869.92,2.96,2768.53,1.4,3.7,6.2,Platinum
DLR-001,2025,Brake,27,2.67,497.54,2.84,661.22,-6.0,-24.8,18.5,Platinum
DLR-001,2025,Fuel,24,1.43,937.56,1.47,1164.35,-2.7,-19.5,25.0,Platinum
DLR-001,2025,Electrical,25,2.46,1083.93,2.18,1005.65,12.8,7.8,24.0,Platinum
DLR-001,2025,Engine,28,2.49,2258.97,2.64,2710.97,-5.7,-16.7,14.3,Platinum
DLR-001,2025,Emission,37,2.47,2187.27,2.46,1975.72,0.4,10.7,27.0,Platinum
DLR-002,2023,Cooling,11,2.81,968.4,2.42,766.95,16.1,26.3,9.1,Platinum
DLR-002,2023,Drivetrain,6,1.9,3250.61,1.51,2591.11,25.8,25.5,0.0,Platinum
DLR-002,2023,Cab/Body,10,1.35,299.02,1.49,285.27,-9.4,4.8,30.0,Platinum
DLR-002,2023,Transmission,8,2.9,2800.73,2.93,2772.94,-1.0,1.0,12.5,Platinum
DLR-002,2023,Brake,11,3.01,718.05,2.61,546.11,15.3,31.5,36.4,Platinum
DLR-002,2023,Fuel,12,1.51,1390.98,1.47,1115.47,2.7,24.7,8.3,Platinum
DLR-002,2023,Electrical,15,2.17,1208.51,2.12,1120.41,2.4,7.9,20.0,Platinum
DLR-002,2023,Engine,13,2.59,2822.34,2.61,2406.16,-0.8,17.3,30.8,Platinum
DLR-002,2023,Emission,18,2.26,1598.31,2.37,1826.75,-4.6,-12.5,33.3,Platinum
DLR-002,2024,Cooling,16,2.87,1081.58,2.84,999.74,1.1,8.2,12.5,Platinum
DLR-002,2024,Drivetrain,11,1.34,2187.27,1.45,2189.76,-7.6,-0.1,45.5,Platinum
DLR-002,2024,Cab/Body,5,1.38,294.41,1.55,267.48,-11.0,10.1,40.0,Platinum
DLR-002,2024,Transmission,18,3.02,2881.6,2.92,2815.75,3.4,2.3,27.8,Platinum
DLR-002,2024,Brake,24,2.84,743.61,2.67,630.11,6.4,18.0,12.5,Platinum
DLR-002,2024,Fuel,12,1.29,943.13,1.49,1203.44,-13.4,-21.6,16.7,Platinum
DLR-002,2024,Electrical,19,2.03,875.01,2.28,1073.21,-11.0,-18.5,26.3,Platinum
DLR-002,2024,Engine,19,2.66,3150.91,2.73,2578.06,-2.6,22.2,21.1,Platinum
DLR-002,2024,Emission,26,2.52,2042.19,2.42,1914.89,4.1,6.6,26.9,Platinum
DLR-002,2025,Cooling,21,2.57,776.56,2.4,791.92,7.1,-1.9,9.5,Platinum
DLR-002,2025,Drivetrain,19,1.41,2266.66,1.32,2027.61,6.8,11.8,31.6,Platinum
DLR-002,2025,Cab/Body,16,1.59,257.85,1.46,304.0,8.9,-15.2,31.2,Platinum
DLR-002,2025,Transmission,11,2.54,2520.25,3.07,2857.37,-17.3,-11.8,9.1,Platinum
DLR-002,2025,Brake,21,2.84,619.85,2.8,630.0,1.4,-1.6,33.3,Platinum
DLR-002,2025,Fuel,25,1.45,1104.22,1.46,1110.56,-0.7,-0.6,24.0,Platinum
DLR-002,2025,Electrical,26,2.03,1116.49,2.28,997.58,-11.0,11.9,15.4,Platinum
DLR-002,2025,Engine,28,2.68,2676.22,2.59,2605.0,3.5,2.7,17.9,Platinum
DLR-002,2025,Emission,35,2.5,2085.35,2.45,2002.41,2.0,4.1,20.0,Platinum
DLR-003,2023,Cooling,11,1.95,557.34,2.55,826.28,-23.5,-32.5,18.2,Platinum
DLR-003,2023,Drivetrain,3,1.47,2420.37,1.62,2792.85,-9.3,-13.3,0.0,Platinum
DLR-003,2023,Cab/Body,10,1.38,307.75,1.48,282.45,-6.8,9.0,0.0,Platinum
DLR-003,2023,Transmission,3,3.3,2767.12,2.87,2783.84,15.0,-0.6,0.0,Platinum
DLR-003,2023,Brake,18,2.81,537.43,2.61,578.89,7.7,-7.2,11.1,Platinum
DLR-003,2023,Fuel,11,1.65,1456.85,1.43,1103.65,15.4,32.0,9.1,Platinum
DLR-003,2023,Electrical,12,2.16,1156.37,2.12,1134.72,1.9,1.9,16.7,Platinum
DLR-003,2023,Engine,10,2.58,2264.2,2.61,2519.67,-1.1,-10.1,10.0,Platinum
DLR-003,2023,Emission,16,2.39,2042.62,2.35,1744.17,1.7,17.1,6.2,Platinum
DLR-003,2024,Cooling,23,2.55,761.75,2.93,1087.14,-13.0,-29.9,17.4,Platinum
DLR-003,2024,Drivetrain,14,1.81,3105.91,1.31,1916.23,38.2,62.1,14.3,Platinum
DLR-003,2024,Cab/Body,8,1.54,255.31,1.53,275.21,0.7,-7.2,0.0,Platinum
DLR-003,2024,Transmission,11,2.79,2844.36,2.98,2831.88,-6.4,0.4,18.2,Platinum
DLR-003,2024,Brake,21,2.71,595.72,2.71,668.62,0.0,-10.9,4.8,Platinum
DLR-003,2024,Fuel,17,1.52,1248.52,1.44,1139.67,5.6,9.6,11.8,Platinum
DLR-003,2024,Electrical,25,2.26,1154.21,2.23,993.84,1.3,16.1,4.0,Platinum
DLR-003,2024,Engine,22,2.61,2681.5,2.74,2688.68,-4.7,-0.3,9.1,Platinum
DLR-003,2024,Emission,31,2.53,1950.98,2.41,1935.88,5.0,0.8,19.4,Platinum
DLR-003,2025,Cooling,21,2.43,892.11,2.43,765.54,0.0,16.5,9.5,Platinum
DLR-003,2025,Drivetrain,9,1.46,2255.32,1.33,2080.14,9.8,8.4,33.3,Platinum
DLR-003,2025,Cab/Body,10,1.57,261.85,1.48,296.74,6.1,-11.8,10.0,Platinum
DLR-003,2025,Transmission,12,2.81,2660.84,3.01,2829.25,-6.6,-6.0,25.0,Platinum
DLR-003,2025,Brake,27,2.68,667.53,2.84,618.72,-5.6,7.9,22.2,Platinum
DLR-003,2025,Fuel,12,1.43,1634.15,1.46,1035.51,-2.1,57.8,16.7,Platinum
DLR-003,2025,Electrical,25,2.31,987.1,2.22,1028.54,4.1,-4.0,24.0,Platinum
DLR-003,2025,Engine,27,2.61,2778.24,2.61,2583.73,0.0,7.5,14.8,Platinum
DLR-003,2025,Emission,31,2.44,1820.1,2.47,2068.29,-1.2,-12.0,22.6,Platinum
DLR-004,2023,Cooling,20,2.51,825.22,2.47,786.06,1.6,5.0,25.0,Platinum
DLR-004,2023,Drivetrain,7,1.63,2853.67,1.59,2697.07,2.5,5.8,28.6,Platinum
DLR-004,2023,Cab/Body,10,1.59,264.34,1.41,296.46,12.8,-10.8,10.0,Platinum
DLR-004,2023,Transmission,4,3.27,3062.16,2.85,2728.44,14.7,12.2,25.0,Platinum
DLR-004,2023,Brake,18,2.61,668.91,2.68,541.2,-2.6,23.6,22.2,Platinum
DLR-004,2023,Fuel,9,1.46,1357.0,1.48,1138.31,-1.4,19.2,55.6,Platinum
DLR-004,2023,Electrical,18,2.21,1260.83,2.11,1105.04,4.7,14.1,27.8,Platinum
DLR-004,2023,Engine,17,2.67,2255.97,2.59,2550.54,3.1,-11.5,23.5,Platinum
DLR-004,2023,Emission,22,2.33,2046.09,2.36,1720.03,-1.3,19.0,13.6,Platinum
DLR-004,2024,Cooling,19,2.91,944.12,2.83,1027.88,2.8,-8.1,26.3,Platinum
DLR-004,2024,Drivetrain,14,1.36,1572.52,1.45,2372.98,-6.2,-33.7,21.4,Platinum
DLR-004,2024,Cab/Body,9,1.74,214.35,1.47,288.61,18.4,-25.7,11.1,Platinum
DLR-004,2024,Transmission,9,2.78,2636.62,2.98,2869.87,-6.7,-8.1,55.6,Platinum
DLR-004,2024,Brake,27,2.66,520.66,2.72,693.57,-2.2,-24.9,18.5,Platinum
DLR-004,2024,Fuel,14,1.5,1408.11,1.45,1109.86,3.4,26.9,42.9,Platinum
DLR-004,2024,Electrical,27,2.08,953.69,2.29,1062.89,-9.2,-10.3,18.5,Platinum
DLR-004,2024,Engine,13,2.82,2315.87,2.7,2744.3,4.4,-15.6,23.1,Platinum
DLR-004,2024,Emission,25,2.46,1818.08,2.43,1968.44,1.2,-7.6,8.0,Platinum
DLR-004,2025,Cooling,20,2.38,859.72,2.44,773.87,-2.5,11.1,25.0,Platinum
DLR-004,2025,Drivetrain,11,0.98,1084.37,1.43,2330.74,-31.5,-53.5,36.4,Platinum
DLR-004,2025,Cab/Body,10,1.39,322.89,1.52,284.53,-8.6,13.5,30.0,Platinum
DLR-004,2025,Transmission,7,3.37,3125.27,2.92,2752.02,15.4,13.6,14.3,Platinum
DLR-004,2025,Brake,28,2.79,631.33,2.81,627.67,-0.7,0.6,21.4,Platinum
DLR-004,2025,Fuel,18,1.51,1148.61,1.45,1099.86,4.1,4.4,44.4,Platinum
DLR-004,2025,Electrical,26,2.08,1075.32,2.27,1007.18,-8.4,6.8,26.9,Platinum
DLR-004,2025,Engine,34,2.62,2609.16,2.61,2622.57,0.4,-0.5,23.5,Platinum
DLR-004,2025,Emission,31,2.42,2082.82,2.47,2004.07,-2.0,3.9,16.1,Platinum
DLR-005,2023,Cooling,22,2.58,824.49,2.44,784.06,5.7,5.2,31.8,Platinum
DLR-005,2023,Drivetrain,4,1.05,1433.18,1.69,2964.53,-37.9,-51.7,25.0,Platinum
DLR-005,2023,Cab/Body,6,1.58,266.44,1.43,292.43,10.5,-8.9,16.7,Platinum
DLR-005,2023,Transmission,3,3.5,2888.73,2.84,2767.26,23.2,4.4,33.3,Platinum
DLR-005,2023,Brake,13,2.46,312.53,2.71,634.93,-9.2,-50.8,23.1,Platinum
DLR-005,2023,Fuel,9,1.39,794.36,1.5,1270.37,-7.3,-37.5,11.1,Platinum
DLR-005,2023,Electrical,14,1.99,1128.12,2.16,1140.33,-7.9,-1.1,14.3,Platinum
DLR-005,2023,Engine,18,2.61,2664.05,2.61,2427.47,0.0,9.7,11.1,Platinum
DLR-005,2023,Emission,28,2.42,1736.39,2.33,1809.08,3.9,-4.0,17.9,Platinum
DLR-005,2024,Cooling,23,3.12,1178.41,2.75,960.54,13.5,22.7,17.4,Platinum
DLR-005,2024,Drivetrain,9,1.38,2276.49,1.43,2174.17,-3.5,4.7,22.2,Platinum
DLR-005,2024,Cab/Body,9,1.57,275.87,1.52,269.51,3.3,2.4,0.0,Platinum
DLR-005,2024,Transmission,10,2.83,2881.64,2.97,2825.33,-4.7,2.0,10.0,Platinum
DLR-005,2024,Brake,24,2.66,762.16,2.72,625.28,-2.2,21.9,20.8,Platinum
DLR-005,2024,Fuel,16,1.39,1224.05,1.48,1147.74,-6.1,6.6,25.0,Platinum
DLR-005,2024,Electrical,16,2.66,989.42,2.16,1042.2,23.1,-5.1,25.0,Platinum
DLR-005,2024,Engine,16,2.67,2747.02,2.72,2675.61,-1.8,2.7,18.8,Platinum
DLR-005,2024,Emission,25,2.38,1898.13,2.45,1949.77,-2.9,-2.6,20.0,Platinum
DLR-005,2025,Cooling,23,2.61,778.96,2.38,791.64,9.7,-1.6,13.0,Platinum
DLR-005,2025,Drivetrain,13,1.28,1973.01,1.37,2142.0,-6.6,-7.9,7.7,Platinum
DLR-005,2025,Cab/Body,11,1.54,284.07,1.49,292.46,3.4,-2.9,9.1,Platinum
DLR-005,2025,Transmission,12,3.22,2877.53,2.9,2770.62,11.0,3.9,0.0,Platinum
DLR-005,2025,Brake,30,3.02,711.78,2.74,603.8,10.2,17.9,16.7,Platinum
DLR-005,2025,Fuel,17,1.48,944.9,1.46,1143.21,1.4,-17.3,5.9,Platinum
DLR-005,2025,Electrical,31,2.29,855.31,2.22,1067.94,3.2,-19.9,29.0,Platinum
DLR-005,2025,Engine,24,2.65,2815.55,2.6,2577.19,1.9,9.2,16.7,Platinum
DLR-005,2025,Emission,37,2.48,1923.02,2.46,2044.32,0.8,-5.9,10.8,Platinum
DLR-006,2023,Cooling,11,3.12,963.33,2.61,880.58,19.5,9.4,9.1,Gold
DLR-006,2023,Drivetrain,9,1.83,3336.3,1.53,2659.79,19.6,25.4,22.2,Gold
DLR-006,2023,Cab/Body,6,1.58,251.69,1.42,313.05,11.3,-19.6,16.7,Gold
DLR-006,2023,Transmission,6,3.15,2965.56,2.89,2779.73,9.0,6.7,16.7,Gold
DLR-006,2023,Brake,22,2.59,626.91,2.6,665.45,-0.4,-5.8,13.6,Gold
DLR-006,2023,Fuel,16,1.52,1168.16,1.48,1168.2,2.7,-0.0,12.5,Gold
DLR-006,2023,Electrical,17,2.14,894.27,2.27,1059.08,-5.7,-15.6,17.6,Gold
DLR-006,2023,Engine,14,2.69,2780.5,2.62,2381.69,2.7,16.7,7.1,Gold
DLR-006,2023,Emission,26,2.58,2013.09,2.42,1937.27,6.6,3.9,23.1,Gold
DLR-006,2024,Cooling,22,2.55,874.46,2.63,864.86,-3.0,1.1,22.7,Gold
DLR-006,2024,Drivetrain,6,1.55,2640.8,1.61,2747.54,-3.7,-3.9,16.7,Gold
DLR-006,2024,Cab/Body,9,1.57,257.81,1.54,278.03,1.9,-7.3,33.3,Gold
DLR-006,2024,Transmission,10,3.02,2812.58,2.83,2779.99,6.7,1.2,30.0,Gold
DLR-006,2024,Brake,18,2.85,643.72,2.81,583.42,1.4,10.3,22.2,Gold
DLR-006,2024,Fuel,16,1.44,1006.21,1.51,1024.17,-4.6,-1.8,18.8,Gold
DLR-006,2024,Electrical,17,2.18,1025.73,2.13,884.33,2.3,16.0,5.9,Gold
DLR-006,2024,Engine,15,2.54,2673.56,2.65,2671.85,-4.2,0.1,20.0,Gold
DLR-006,2024,Emission,29,2.52,2001.72,2.44,1956.02,3.3,2.3,31.0,Gold
DLR-006,2025,Cooling,25,2.49,891.66,2.72,956.63,-8.5,-6.8,16.0,Gold
DLR-006,2025,Drivetrain,18,1.44,2573.93,1.61,2836.58,-10.6,-9.3,27.8,Gold
DLR-006,2025,Cab/Body,16,1.49,277.13,1.5,293.65,-0.7,-5.6,25.0,Gold
DLR-006,2025,Transmission,10,2.92,2866.77,2.87,2788.7,1.7,2.8,10.0,Gold
DLR-006,2025,Brake,24,2.76,636.17,2.76,609.25,0.0,4.4,29.2,Gold
DLR-006,2025,Fuel,23,1.44,1014.62,1.48,1089.7,-2.7,-6.9,21.7,Gold
DLR-006,2025,Electrical,24,1.97,920.36,2.28,1033.88,-13.6,-11.0,29.2,Gold
DLR-006,2025,Engine,21,2.91,2347.51,2.6,2653.86,11.9,-11.5,14.3,Gold
DLR-006,2025,Emission,23,2.53,2036.78,2.47,2107.05,2.4,-3.3,26.1,Gold
DLR-007,2023,Cooling,15,2.57,790.27,2.68,910.68,-4.1,-13.2,6.7,Gold
DLR-007,2023,Drivetrain,9,1.42,2325.3,1.6,2831.47,-11.3,-17.9,0.0,Gold
DLR-007,2023,Cab/Body,10,1.54,282.77,1.41,311.65,9.2,-9.3,20.0,Gold
DLR-007,2023,Transmission,8,2.93,2701.36,2.91,2819.29,0.7,-4.2,12.5,Gold
DLR-007,2023,Brake,13,2.46,708.93,2.62,651.02,-6.1,8.9,30.8,Gold
DLR-007,2023,Fuel,13,1.54,1017.66,1.47,1196.53,4.8,-14.9,7.7,Gold
DLR-007,2023,Electrical,24,2.2,1145.39,2.26,1008.35,-2.7,13.6,20.8,Gold
DLR-007,2023,Engine,12,2.77,2899.76,2.61,2383.71,6.1,21.6,16.7,Gold
DLR-007,2023,Emission,22,2.42,1880.88,2.45,1962.15,-1.2,-4.1,13.6,Gold
DLR-007,2024,Cooling,16,2.91,931.38,2.58,858.21,12.8,8.5,18.8,Gold
DLR-007,2024,Drivetrain,11,1.61,2858.75,1.61,2718.42,0.0,5.2,0.0,Gold
DLR-007,2024,Cab/Body,4,1.38,330.02,1.55,271.31,-11.0,21.6,25.0,Gold
DLR-007,2024,Transmission,14,2.72,2747.13,2.89,2793.08,-5.9,-1.6,7.1,Gold
DLR-007,2024,Brake,16,2.84,554.33,2.81,597.46,1.1,-7.2,12.5,Gold
DLR-007,2024,Fuel,13,1.52,1118.66,1.49,1009.28,2.0,10.8,23.1,Gold
DLR-007,2024,Electrical,24,2.18,813.4,2.12,922.68,2.8,-11.8,12.5,Gold
DLR-007,2024,Engine,23,2.66,2981.88,2.63,2616.35,1.1,14.0,13.0,Gold
DLR-007,2024,Emission,23,2.36,1983.33,2.46,1960.56,-4.1,1.2,21.7,Gold
DLR-007,2025,Cooling,23,2.73,843.1,2.68,962.09,1.9,-12.4,17.4,Gold
DLR-007,2025,Drivetrain,6,1.75,3305.89,1.56,2745.7,12.2,20.4,33.3,Gold
DLR-007,2025,Cab/Body,11,1.58,273.09,1.49,293.44,6.0,-6.9,36.4,Gold
DLR-007,2025,Transmission,9,3.34,3128.2,2.81,2755.18,18.9,13.5,44.4,Gold
DLR-007,2025,Brake,26,2.62,679.75,2.78,601.81,-5.8,13.0,15.4,Gold
DLR-007,2025,Fuel,25,1.39,938.08,1.49,1107.28,-6.7,-15.3,24.0,Gold
DLR-007,2025,Electrical,21,2.18,1197.83,2.24,987.84,-2.7,21.3,14.3,Gold
DLR-007,2025,Engine,25,2.68,2684.32,2.64,2597.93,1.5,3.3,16.0,Gold
DLR-007,2025,Emission,30,2.35,2185.4,2.5,2084.99,-6.0,4.8,23.3,Gold
DLR-008,2023,Cooling,13,2.59,932.23,2.67,883.54,-3.0,5.5,30.8,Gold
DLR-008,2023,Drivetrain,7,1.56,2793.01,1.58,2753.54,-1.3,1.4,28.6,Gold
DLR-008,2023,Cab/Body,6,1.55,287.01,1.42,308.89,9.2,-7.1,33.3,Gold
DLR-008,2023,Transmission,10,2.88,2726.11,2.92,2814.13,-1.4,-3.1,10.0,Gold
DLR-008,2023,Brake,15,2.55,605.62,2.61,665.94,-2.3,-9.1,20.0,Gold
DLR-008,2023,Fuel,12,1.52,1239.35,1.48,1157.68,2.7,7.1,8.3,Gold
DLR-008,2023,Electrical,12,2.17,973.93,2.26,1043.24,-4.0,-6.6,25.0,Gold
DLR-008,2023,Engine,13,2.45,2537.02,2.66,2436.21,-7.9,4.1,30.8,Gold
DLR-008,2023,Emission,26,2.43,1992.87,2.45,1941.34,-0.8,2.7,15.4,Gold
DLR-008,2024,Cooling,16,2.99,952.4,2.57,855.57,16.3,11.3,18.8,Gold
DLR-008,2024,Drivetrain,12,1.61,3016.2,1.61,2686.2,0.0,12.3,33.3,Gold
DLR-008,2024,Cab/Body,12,1.58,287.09,1.53,272.22,3.3,5.5,33.3,Gold
DLR-008,2024,Transmission,13,2.68,2661.2,2.89,2810.65,-7.3,-5.3,30.8,Gold
DLR-008,2024,Brake,15,2.71,598.44,2.83,590.72,-4.2,1.3,20.0,Gold
DLR-008,2024,Fuel,14,1.53,977.99,1.49,1028.01,2.7,-4.9,14.3,Gold
DLR-008,2024,Electrical,19,2.17,915.01,2.13,900.66,1.9,1.6,26.3,Gold
DLR-008,2024,Engine,11,2.65,2362.24,2.63,2701.21,0.8,-12.5,36.4,Gold
DLR-008,2024,Emission,31,2.47,1720.74,2.45,2008.23,0.8,-14.3,16.1,Gold
DLR-008,2025,Cooling,34,2.38,827.61,2.76,975.68,-13.8,-15.2,23.5,Gold
DLR-008,2025,Drivetrain,10,1.41,2170.54,1.59,2861.05,-11.3,-24.1,20.0,Gold
DLR-008,2025,Cab/Body,10,1.46,299.25,1.5,289.73,-2.7,3.3,10.0,Gold
DLR-008,2025,Transmission,11,2.59,2686.21,2.91,2813.48,-11.0,-4.5,9.1,Gold
DLR-008,2025,Brake,27,2.88,716.45,2.74,593.02,5.1,20.8,18.5,Gold
DLR-008,2025,Fuel,15,1.61,955.45,1.46,1092.8,10.3,-12.6,20.0,Gold
DLR-008,2025,Electrical,24,2.3,952.45,2.22,1028.58,3.6,-7.4,29.2,Gold
DLR-008,2025,Engine,21,2.46,2700.45,2.67,2597.32,-7.9,4.0,28.6,Gold
DLR-008,2025,Emission,32,2.55,2135.84,2.46,2092.05,3.7,2.1,25.0,Gold
DLR-009,2023,Cooling,14,2.54,853.29,2.68,895.69,-5.2,-4.7,14.3,Gold
DLR-009,2023,Drivetrain,5,0.96,1154.1,1.63,2898.69,-41.1,-60.2,0.0,Gold
DLR-009,2023,Cab/Body,12,1.39,317.5,1.45,303.68,-4.1,4.6,25.0,Gold
DLR-009,2023,Transmission,9,2.39,2595.82,3.01,2836.27,-20.6,-8.5,0.0,Gold
DLR-009,2023,Brake,16,2.63,599.79,2.59,668.18,1.5,-10.2,6.2,Gold
DLR-009,2023,Fuel,17,1.48,1291.43,1.49,1141.47,-0.7,13.1,17.6,Gold
DLR-009,2023,Electrical,19,2.25,1063.19,2.25,1030.32,0.0,3.2,10.5,Gold
DLR-009,2023,Engine,16,2.72,2276.25,2.61,2489.23,4.2,-8.6,6.2,Gold
DLR-009,2023,Emission,23,2.52,2071.69,2.43,1928.56,3.7,7.4,0.0,Gold
DLR-009,2024,Cooling,23,2.57,890.18,2.63,861.84,-2.3,3.3,21.7,Gold
DLR-009,2024,Drivetrain,12,1.49,2437.78,1.63,2802.16,-8.6,-13.0,8.3,Gold
DLR-009,2024,Cab/Body,15,1.59,269.17,1.53,276.98,3.9,-2.8,6.7,Gold
DLR-009,2024,Transmission,7,2.79,2819.61,2.86,2780.71,-2.4,1.4,14.3,Gold
DLR-009,2024,Brake,18,2.82,647.69,2.81,583.33,0.4,11.0,22.2,Gold
DLR-009,2024,Fuel,18,1.56,1135.09,1.48,996.44,5.4,13.9,11.1,Gold
DLR-009,2024,Electrical,20,2.08,1000.89,2.15,882.47,-3.3,13.4,35.0,Gold
DLR-009,2024,Engine,17,2.48,2619.74,2.66,2680.48,-6.8,-2.3,29.4,Gold
DLR-009,2024,Emission,36,2.41,1988.14,2.46,1957.37,-2.0,1.6,8.3,Gold
DLR-009,2025,Cooling,21,2.65,931.21,2.69,949.19,-1.5,-1.9,19.0,Gold
DLR-009,2025,Drivetrain,15,1.44,2384.62,1.6,2864.31,-10.0,-16.7,13.3,Gold
DLR-009,2025,Cab/Body,13,1.46,311.4,1.5,287.54,-2.7,8.3,7.7,Gold
DLR-009,2025,Transmission,18,2.99,2858.85,2.84,2780.69,5.3,2.8,16.7,Gold
DLR-009,2025,Brake,20,2.51,561.29,2.8,620.04,-10.4,-9.5,20.0,Gold
DLR-009,2025,Fuel,19,1.48,1270.24,1.47,1049.26,0.7,21.1,15.8,Gold
DLR-009,2025,Electrical,24,2.24,1192.15,2.23,984.28,0.4,21.1,29.2,Gold
DLR-009,2025,Engine,21,2.59,2811.63,2.65,2581.94,-2.3,8.9,19.0,Gold
DLR-009,2025,Emission,22,2.44,2126.37,2.48,2095.59,-1.6,1.5,31.8,Gold
DLR-010,2023,Cooling,13,2.45,833.91,2.69,897.97,-8.9,-7.1,15.4,Gold
DLR-010,2023,Drivetrain,8,1.56,2560.13,1.58,2787.31,-1.3,-8.2,37.5,Gold
DLR-010,2023,Cab/Body,6,1.38,326.45,1.44,304.25,-4.2,7.3,0.0,Gold
DLR-010,2023,Transmission,8,2.9,2759.75,2.92,2805.23,-0.7,-1.6,25.0,Gold
DLR-010,2023,Brake,6,2.81,927.12,2.59,640.64,8.5,44.7,66.7,Gold
DLR-010,2023,Fuel,9,1.41,981.2,1.49,1186.49,-5.4,-17.3,0.0,Gold
DLR-010,2023,Electrical,12,2.47,1041.79,2.23,1034.88,10.8,0.7,25.0,Gold
DLR-010,2023,Engine,15,2.75,2149.15,2.61,2512.87,5.4,-14.5,26.7,Gold
DLR-010,2023,Emission,14,2.32,1800.21,2.46,1964.76,-5.7,-8.4,7.1,Gold
DLR-010,2024,Cooling,15,2.15,654.18,2.67,891.27,-19.5,-26.6,20.0,Gold
DLR-010,2024,Drivetrain,11,1.76,2715.9,1.58,2742.98,11.4,-1.0,18.2,Gold
DLR-010,2024,Cab/Body,6,1.41,267.17,1.56,276.1,-9.6,-3.2,50.0,Gold
DLR-010,2024,Transmission,10,2.92,2799.81,2.85,2781.7,2.5,0.7,20.0,Gold
DLR-010,2024,Brake,15,2.88,511.8,2.81,601.9,2.5,-15.0,6.7,Gold
DLR-010,2024,Fuel,17,1.49,1130.33,1.5,1002.86,-0.7,12.7,23.5,Gold
DLR-010,2024,Electrical,11,2.15,1021.09,2.13,893.03,0.9,14.3,54.5,Gold
DLR-010,2024,Engine,23,2.55,2856.29,2.65,2638.92,-3.8,8.2,21.7,Gold
DLR-010,2024,Emission,22,2.47,2052.1,2.45,1952.64,0.8,5.1,27.3,Gold
DLR-010,2025,Cooling,35,2.95,1164.55,2.61,888.64,13.0,31.0,25.7,Gold
DLR-010,2025,Drivetrain,15,1.37,2107.13,1.62,2920.56,-15.4,-27.9,6.7,Gold
DLR-010,2025,Cab/Body,17,1.42,315.55,1.51,285.38,-6.0,10.6,11.8,Gold
DLR-010,2025,Transmission,13,2.81,2729.5,2.89,2809.37,-2.8,-2.8,7.7,Gold
DLR-010,2025,Brake,33,2.74,557.25,2.76,624.99,-0.7,-10.8,24.2,Gold
DLR-010,2025,Fuel,27,1.49,1316.78,1.47,1026.83,1.4,28.2,11.1,Gold
DLR-010,2025,Electrical,19,2.36,977.57,2.21,1021.82,6.8,-4.3,21.1,Gold
DLR-010,2025,Engine,30,2.51,2565.72,2.68,2619.7,-6.3,-2.1,16.7,Gold
DLR-010,2025,Emission,38,2.48,1878.7,2.48,2146.76,0.0,-12.5,7.9,Gold
DLR-011,2023,Cooling,16,2.41,813.22,2.71,903.84,-11.1,-10.0,25.0,Gold
DLR-011,2023,Drivetrain,12,1.8,3297.21,1.52,2628.59,18.4,25.4,33.3,Gold
DLR-011,2023,Cab/Body,10,1.35,321.1,1.46,303.5,-7.5,5.8,30.0,Gold
DLR-011,2023,Transmission,7,3.34,3023.16,2.86,2768.18,16.8,9.2,0.0,Gold
DLR-011,2023,Brake,19,2.67,695.63,2.59,650.17,3.1,7.0,10.5,Gold
DLR-011,2023,Fuel,15,1.48,1444.88,1.49,1119.94,-0.7,29.0,20.0,Gold
DLR-011,2023,Electrical,21,2.25,966.18,2.25,1051.86,0.0,-8.1,19.0,Gold
DLR-011,2023,Engine,9,2.34,2497.59,2.67,2444.6,-12.4,2.2,22.2,Gold
DLR-011,2023,Emission,22,2.25,1963.27,2.48,1947.64,-9.3,0.8,18.2,Gold
DLR-011,2024,Cooling,20,2.67,913.15,2.61,858.35,2.3,6.4,15.0,Gold
DLR-011,2024,Drivetrain,9,1.89,3353.08,1.57,2655.27,20.4,26.3,11.1,Gold
DLR-011,2024,Cab/Body,6,1.58,250.63,1.54,277.71,2.6,-9.8,16.7,Gold
DLR-011,2024,Transmission,7,2.37,2556.83,2.91,2808.17,-18.6,-9.0,28.6,Gold
DLR-011,2024,Brake,25,2.81,576.94,2.81,594.95,0.0,-3.0,44.0,Gold
DLR-011,2024,Fuel,17,1.52,833.12,1.49,1058.45,2.0,-21.3,11.8,Gold
DLR-011,2024,Electrical,19,2.21,821.82,2.12,915.33,4.2,-10.2,21.1,Gold
DLR-011,2024,Engine,29,2.82,2445.74,2.59,2725.82,8.9,-10.3,17.2,Gold
DLR-011,2024,Emission,29,2.33,2101.96,2.47,1940.92,-5.7,8.3,17.2,Gold
DLR-011,2025,Cooling,13,2.74,820.04,2.68,957.59,2.2,-14.4,15.4,Gold
DLR-011,2025,Drivetrain,12,1.88,3702.92,1.53,2640.17,22.9,40.3,16.7,Gold
DLR-011,2025,Cab/Body,12,1.72,237.08,1.46,299.47,17.8,-20.8,33.3,Gold
DLR-011,2025,Transmission,10,3.05,2828.23,2.85,2793.64,7.0,1.2,20.0,Gold
DLR-011,2025,Brake,21,3.0,550.49,2.73,621.2,9.9,-11.4,19.0,Gold
DLR-011,2025,Fuel,21,1.48,1007.35,1.47,1089.72,0.7,-7.6,28.6,Gold
DLR-011,2025,Electrical,18,2.35,1090.11,2.21,1005.38,6.3,8.4,16.7,Gold
DLR-011,2025,Engine,26,2.68,2637.93,2.64,2604.72,1.5,1.3,34.6,Gold
DLR-011,2025,Emission,29,2.39,2105.94,2.49,2097.8,-4.0,0.4,24.1,Gold
DLR-012,2023,Cooling,18,2.99,1045.51,2.6,857.87,15.0,21.9,22.2,Gold
DLR-012,2023,Drivetrain,11,1.54,2889.36,1.58,2726.47,-2.5,6.0,0.0,Gold
DLR-012,2023,Cab/Body,7,1.31,347.98,1.45,300.79,-9.7,15.7,28.6,Gold
DLR-012,2023,Transmission,7,3.0,2958.61,2.9,2773.41,3.4,6.7,42.9,Gold
DLR-012,2023,Brake,18,2.58,613.92,2.6,667.37,-0.8,-8.0,22.2,Gold
DLR-012,2023,Fuel,12,1.4,901.41,1.5,1204.17,-6.7,-25.1,16.7,Gold
DLR-012,2023,Electrical,12,2.37,1165.96,2.23,1020.53,6.3,14.3,25.0,Gold
DLR-012,2023,Engine,8,2.56,1950.33,2.64,2503.87,-3.0,-22.1,37.5,Gold
DLR-012,2023,Emission,19,2.57,1837.21,2.43,1966.2,5.8,-6.6,21.1,Gold
DLR-012,2024,Cooling,25,2.55,833.77,2.64,874.7,-3.4,-4.7,12.0,Gold
DLR-012,2024,Drivetrain,12,1.43,2322.77,1.65,2826.28,-13.3,-17.8,8.3,Gold
DLR-012,2024,Cab/Body,8,1.52,284.31,1.54,273.53,-1.3,3.9,0.0,Gold
DLR-012,2024,Transmission,11,3.33,3035.9,2.76,2735.71,20.7,11.0,18.2,Gold
DLR-012,2024,Brake,22,2.8,601.5,2.82,589.35,-0.7,2.1,9.1,Gold
DLR-012,2024,Fuel,13,1.41,949.93,1.51,1031.37,-6.6,-7.9,23.1,Gold
DLR-012,2024,Electrical,24,2.01,809.68,2.16,921.65,-6.9,-12.1,29.2,Gold
DLR-012,2024,Engine,25,2.67,2683.53,2.63,2669.64,1.5,0.5,16.0,Gold
DLR-012,2024,Emission,26,2.59,1936.44,2.43,1967.47,6.6,-1.6,26.9,Gold
DLR-012,2025,Cooling,20,2.93,1042.81,2.65,934.9,10.6,11.5,10.0,Gold
DLR-012,2025,Drivetrain,13,1.92,3695.79,1.51,2627.41,27.2,40.7,15.4,Gold
DLR-012,2025,Cab/Body,12,1.37,320.12,1.52,286.56,-9.9,11.7,8.3,Gold
DLR-012,2025,Transmission,15,2.53,2573.6,2.94,2843.59,-13.9,-9.5,20.0,Gold
DLR-012,2025,Brake,25,2.79,583.53,2.75,617.58,1.5,-5.5,28.0,Gold
DLR-012,2025,Fuel,19,1.48,988.5,1.47,1091.17,0.7,-9.4,21.1,Gold
DLR-012,2025,Electrical,22,2.26,794.7,2.23,1053.04,1.3,-24.5,18.2,Gold
DLR-012,2025,Engine,22,2.68,2577.77,2.64,2615.0,1.5,-1.4,18.2,Gold
DLR-012,2025,Emission,33,2.56,2245.63,2.46,2068.91,4.1,8.5,18.2,Gold
DLR-013,2023,Cooling,19,2.84,826.84,2.61,867.1,8.8,-4.6,5.3,Silver
DLR-013,2023,Drivetrain,9,1.09,1372.76,1.54,2735.25,-29.2,-49.8,22.2,Silver
DLR-013,2023,Cab/Body,5,1.58,273.3,1.47,292.14,7.5,-6.4,20.0,Silver
DLR-013,2023,Transmission,5,2.92,2735.3,2.96,2825.18,-1.4,-3.2,60.0,Silver
DLR-013,2023,Brake,10,2.71,655.89,2.68,638.38,1.1,2.7,10.0,Silver
DLR-013,2023,Fuel,7,1.49,1238.64,1.48,1122.84,0.7,10.3,42.9,Silver
DLR-013,2023,Electrical,13,1.81,871.8,2.18,1011.73,-17.0,-13.8,30.8,Silver
DLR-013,2023,Engine,9,2.77,2730.42,2.6,2710.7,6.5,0.7,33.3,Silver
DLR-013,2023,Emission,19,2.42,1988.4,2.53,2025.84,-4.3,-1.8,21.1,Silver
DLR-013,2024,Cooling,17,2.96,1090.95,2.72,941.27,8.8,15.9,17.6,Silver
DLR-013,2024,Drivetrain,13,1.55,2774.82,1.51,2481.83,2.6,11.8,7.7,Silver
DLR-013,2024,Cab/Body,13,1.63,277.15,1.55,269.0,5.2,3.0,15.4,Silver
DLR-013,2024,Transmission,11,2.54,2645.18,2.8,2721.16,-9.3,-2.8,9.1,Silver
DLR-013,2024,Brake,17,2.77,596.47,2.66,526.23,4.1,13.3,11.8,Silver
DLR-013,2024,Fuel,19,1.53,1155.08,1.44,1092.25,6.3,5.8,26.3,Silver
DLR-013,2024,Electrical,19,2.34,1168.2,2.17,1015.65,7.8,15.0,15.8,Silver
DLR-013,2024,Engine,31,2.74,2711.65,2.62,2580.01,4.6,5.1,6.5,Silver
DLR-013,2024,Emission,28,2.37,2226.51,2.46,1925.29,-3.7,15.6,17.9,Silver
DLR-013,2025,Cooling,23,2.56,899.43,2.71,895.88,-5.5,0.4,4.3,Silver
DLR-013,2025,Drivetrain,13,1.44,2410.15,1.46,2427.83,-1.4,-0.7,15.4,Silver
DLR-013,2025,Cab/Body,13,1.42,310.49,1.56,268.44,-9.0,15.7,15.4,Silver
DLR-013,2025,Transmission,13,3.15,3018.42,2.99,2842.71,5.4,6.2,7.7,Silver
DLR-013,2025,Brake,19,2.66,474.92,2.72,602.97,-2.2,-21.2,26.3,Silver
DLR-013,2025,Fuel,21,1.53,1489.88,1.45,1071.55,5.5,39.0,19.0,Silver
DLR-013,2025,Electrical,27,2.28,1122.68,2.16,1020.73,5.6,10.0,14.8,Silver
DLR-013,2025,Engine,25,2.73,2643.77,2.64,2514.68,3.4,5.1,4.0,Silver
DLR-013,2025,Emission,34,2.45,1897.31,2.47,1853.3,-0.8,2.4,2.9,Silver
DLR-014,2023,Cooling,9,1.82,595.2,2.7,879.92,-32.6,-32.4,11.1,Silver
DLR-014,2023,Drivetrain,7,1.74,3541.75,1.43,2390.86,21.7,48.1,14.3,Silver
DLR-014,2023,Cab/Body,7,1.59,284.4,1.47,291.4,8.2,-2.4,14.3,Silver
DLR-014,2023,Transmission,13,2.88,2776.7,2.97,2828.47,-3.0,-1.8,23.1,Silver
DLR-014,2023,Brake,13,2.85,540.13,2.67,650.9,6.7,-17.0,7.7,Silver
DLR-014,2023,Fuel,9,1.34,1169.16,1.49,1127.03,-10.1,3.7,11.1,Silver
DLR-014,2023,Electrical,14,2.06,1021.97,2.15,993.72,-4.2,2.8,21.4,Silver
DLR-014,2023,Engine,14,2.44,3101.24,2.64,2654.64,-7.6,16.8,14.3,Silver
DLR-014,2023,Emission,16,2.3,2159.56,2.54,2008.29,-9.4,7.5,18.8,Silver
DLR-014,2024,Cooling,24,2.66,975.49,2.76,957.27,-3.6,1.9,8.3,Silver
DLR-014,2024,Drivetrain,18,1.46,2298.93,1.53,2581.84,-4.6,-11.0,5.6,Silver
DLR-014,2024,Cab/Body,15,1.59,259.32,1.56,272.69,1.9,-4.9,26.7,Silver
DLR-014,2024,Transmission,10,2.98,2879.64,2.73,2688.92,9.2,7.1,40.0,Silver
DLR-014,2024,Brake,26,2.58,650.75,2.69,513.76,-4.1,26.7,23.1,Silver
DLR-014,2024,Fuel,11,1.49,1234.33,1.45,1090.49,2.8,13.2,9.1,Silver
DLR-014,2024,Electrical,23,2.04,1045.15,2.22,1034.0,-8.1,1.1,13.0,Silver
DLR-014,2024,Engine,26,2.7,2498.94,2.63,2623.56,2.7,-4.8,34.6,Silver
DLR-014,2024,Emission,32,2.4,2105.49,2.46,1939.21,-2.4,8.6,15.6,Silver
DLR-014,2025,Cooling,25,2.91,886.07,2.66,897.7,9.4,-1.3,32.0,Silver
DLR-014,2025,Drivetrain,6,1.57,2566.76,1.45,2415.17,8.3,6.3,33.3,Silver
DLR-014,2025,Cab/Body,12,1.66,256.06,1.53,276.25,8.5,-7.3,33.3,Silver
DLR-014,2025,Transmission,15,2.92,2789.85,3.03,2876.52,-3.6,-3.0,26.7,Silver
DLR-014,2025,Brake,24,2.82,519.29,2.7,600.46,4.4,-13.5,25.0,Silver
DLR-014,2025,Fuel,20,1.37,993.31,1.48,1167.16,-7.4,-14.9,20.0,Silver
DLR-014,2025,Electrical,21,2.16,1183.65,2.18,1017.54,-0.9,16.3,19.0,Silver
DLR-014,2025,Engine,25,2.62,2807.95,2.66,2494.32,-1.5,12.6,28.0,Silver
DLR-014,2025,Emission,36,2.37,1818.79,2.48,1865.08,-4.4,-2.5,30.6,Silver
DLR-015,2023,Cooling,23,2.82,944.42,2.61,846.61,8.0,11.6,17.4,Silver
DLR-015,2023,Drivetrain,8,1.51,2459.84,1.46,2538.01,3.4,-3.1,25.0,Silver
DLR-015,2023,Cab/Body,10,1.64,242.17,1.45,301.25,13.1,-19.6,30.0,Silver
DLR-015,2023,Transmission,10,3.08,2797.64,2.93,2822.18,5.1,-0.9,20.0,Silver
DLR-015,2023,Brake,10,2.59,633.44,2.69,640.26,-3.7,-1.1,20.0,Silver
DLR-015,2023,Fuel,16,1.47,1353.56,1.48,1083.52,-0.7,24.9,25.0,Silver
DLR-015,2023,Electrical,20,2.22,1050.54,2.12,985.9,4.7,6.6,20.0,Silver
DLR-015,2023,Engine,11,2.43,3137.65,2.64,2659.39,-8.0,18.0,18.2,Silver
DLR-015,2023,Emission,31,2.5,2091.13,2.52,2008.31,-0.8,4.1,16.1,Silver
DLR-015,2024,Cooling,11,3.03,1219.92,2.72,938.18,11.4,30.0,27.3,Silver
DLR-015,2024,Drivetrain,6,1.43,2537.76,1.52,2523.67,-5.9,0.6,16.7,Silver
DLR-015,2024,Cab/Body,9,1.52,278.78,1.57,269.24,-3.2,3.5,33.3,Silver
DLR-015,2024,Transmission,12,2.8,2679.1,2.76,2717.46,1.4,-1.4,41.7,Silver
DLR-015,2024,Brake,20,2.6,470.11,2.69,544.2,-3.3,-13.6,20.0,Silver
DLR-015,2024,Fuel,16,1.46,1245.67,1.46,1083.77,0.0,14.9,18.8,Silver
DLR-015,2024,Electrical,21,2.12,1014.66,2.2,1039.02,-3.6,-2.3,28.6,Silver
DLR-015,2024,Engine,12,2.42,3075.31,2.66,2569.33,-9.0,19.7,0.0,Silver
DLR-015,2024,Emission,30,2.49,1907.53,2.44,1970.38,2.0,-3.2,16.7,Silver
DLR-015,2025,Cooling,20,2.68,903.38,2.69,895.53,-0.4,0.9,20.0,Silver
DLR-015,2025,Drivetrain,7,1.7,2832.14,1.44,2390.97,18.1,18.5,28.6,Silver
DLR-015,2025,Cab/Body,13,1.59,252.18,1.54,277.05,3.2,-9.0,15.4,Silver
DLR-015,2025,Transmission,8,2.96,2842.29,3.01,2866.05,-1.7,-0.8,25.0,Silver
DLR-015,2025,Brake,17,2.81,589.58,2.71,589.37,3.7,0.0,11.8,Silver
DLR-015,2025,Fuel,14,1.33,908.31,1.48,1174.86,-10.1,-22.7,28.6,Silver
DLR-015,2025,Electrical,18,2.02,1126.65,2.2,1024.27,-8.2,10.0,22.2,Silver
DLR-015,2025,Engine,32,2.66,2846.92,2.65,2472.05,0.4,15.2,9.4,Silver
DLR-015,2025,Emission,29,2.41,2151.98,2.47,1817.51,-2.4,18.4,17.2,Silver
DLR-016,2023,Cooling,19,2.95,1040.07,2.59,831.29,13.9,25.1,0.0,Silver
DLR-016,2023,Drivetrain,7,1.53,2869.53,1.46,2481.35,4.8,15.6,14.3,Silver
DLR-016,2023,Cab/Body,8,1.43,298.41,1.49,289.25,-4.0,3.2,12.5,Silver
DLR-016,2023,Transmission,7,2.62,2801.01,3.0,2820.91,-12.7,-0.7,14.3,Silver
DLR-016,2023,Brake,15,2.65,739.49,2.69,626.61,-1.5,18.0,6.7,Silver
DLR-016,2023,Fuel,12,1.52,946.04,1.47,1159.76,3.4,-18.4,25.0,Silver
DLR-016,2023,Electrical,12,2.28,1025.12,2.12,993.89,7.5,3.1,0.0,Silver
DLR-016,2023,Engine,15,2.64,2615.54,2.61,2728.17,1.1,-4.1,13.3,Silver
DLR-016,2023,Emission,26,2.63,2005.55,2.49,2025.19,5.6,-1.0,15.4,Silver
DLR-016,2024,Cooling,26,2.94,848.14,2.71,983.31,8.5,-13.7,19.2,Silver
DLR-016,2024,Drivetrain,9,1.53,2759.55,1.52,2498.19,0.7,10.5,22.2,Silver
DLR-016,2024,Cab/Body,5,1.58,264.51,1.56,270.65,1.3,-2.3,40.0,Silver
DLR-016,2024,Transmission,7,2.82,2736.22,2.76,2709.64,2.2,1.0,28.6,Silver
DLR-016,2024,Brake,19,2.75,568.22,2.66,529.92,3.4,7.2,21.1,Silver
DLR-016,2024,Fuel,21,1.39,1078.63,1.47,1104.69,-5.4,-2.4,38.1,Silver
DLR-016,2024,Electrical,13,2.2,1113.16,2.19,1028.24,0.5,8.3,30.8,Silver
DLR-016,2024,Engine,22,2.57,3284.93,2.65,2505.7,-3.0,31.1,18.2,Silver
DLR-016,2024,Emission,32,2.57,1920.02,2.43,1968.0,5.8,-2.4,25.0,Silver
DLR-016,2025,Cooling,30,2.48,771.99,2.73,918.83,-9.2,-16.0,20.0,Silver
DLR-016,2025,Drivetrain,10,1.49,2621.71,1.46,2400.73,2.1,9.2,0.0,Silver
DLR-016,2025,Cab/Body,13,1.59,287.49,1.54,271.65,3.2,5.8,15.4,Silver
DLR-016,2025,Transmission,16,3.0,2841.27,3.01,2868.65,-0.3,-1.0,37.5,Silver
DLR-016,2025,Brake,26,2.69,691.25,2.72,573.99,-1.1,20.4,34.6,Silver
DLR-016,2025,Fuel,13,1.53,769.69,1.45,1180.79,5.5,-34.8,30.8,Silver
DLR-016,2025,Electrical,24,2.31,1204.2,2.16,1009.65,6.9,19.3,16.7,Silver
DLR-016,2025,Engine,31,2.63,2318.93,2.66,2567.7,-1.1,-9.7,19.4,Silver
DLR-016,2025,Emission,32,2.52,1841.12,2.46,1861.45,2.4,-1.1,28.1,Silver
DLR-017,2023,Cooling,19,2.72,979.91,2.63,844.5,3.4,16.0,10.5,Silver
DLR-017,2023,Drivetrain,4,1.65,2544.12,1.46,2526.19,13.0,0.7,25.0,Silver
DLR-017,2023,Cab/Body,4,1.35,340.87,1.49,287.07,-9.4,18.7,0.0,Silver
DLR-017,2023,Transmission,8,2.94,2810.23,2.96,2819.84,-0.7,-0.3,25.0,Silver
DLR-017,2023,Brake,19,2.66,677.9,2.69,633.14,-1.1,7.1,26.3,Silver
DLR-017,2023,Fuel,15,1.43,1152.17,1.49,1127.05,-4.0,2.2,20.0,Silver
DLR-017,2023,Electrical,12,2.26,894.59,2.12,1009.03,6.6,-11.3,8.3,Silver
DLR-017,2023,Engine,12,2.72,1901.29,2.6,2823.54,4.6,-32.7,25.0,Silver
DLR-017,2023,Emission,19,2.55,2009.01,2.51,2023.6,1.6,-0.7,15.8,Silver
DLR-017,2024,Cooling,18,2.74,883.03,2.75,970.38,-0.4,-9.0,16.7,Silver
DLR-017,2024,Drivetrain,11,1.39,2371.32,1.53,2546.24,-9.2,-6.9,18.2,Silver
DLR-017,2024,Cab/Body,9,1.44,297.17,1.58,267.01,-8.9,11.3,22.2,Silver
DLR-017,2024,Transmission,9,2.93,2789.74,2.74,2702.38,6.9,3.2,0.0,Silver
DLR-017,2024,Brake,20,2.71,503.2,2.67,539.36,1.5,-6.7,30.0,Silver
DLR-017,2024,Fuel,11,1.47,1022.84,1.46,1107.23,0.7,-7.6,9.1,Silver
DLR-017,2024,Electrical,25,2.13,1023.72,2.2,1037.88,-3.2,-1.4,12.0,Silver
DLR-017,2024,Engine,23,2.61,2428.48,2.65,2633.71,-1.5,-7.8,39.1,Silver
DLR-017,2024,Emission,34,2.49,1761.41,2.44,1994.38,2.0,-11.7,26.5,Silver
DLR-017,2025,Cooling,34,2.82,964.66,2.67,883.0,5.6,9.2,32.4,Silver
DLR-017,2025,Drivetrain,16,1.75,3172.83,1.4,2263.65,25.0,40.2,25.0,Silver
DLR-017,2025,Cab/Body,13,1.52,279.3,1.55,273.04,-1.9,2.3,46.2,Silver
DLR-017,2025,Transmission,14,2.95,2876.71,3.02,2862.36,-2.3,0.5,21.4,Silver
DLR-017,2025,Brake,18,2.75,544.9,2.71,594.11,1.5,-8.3,50.0,Silver
DLR-017,2025,Fuel,12,1.48,1354.66,1.46,1121.35,1.4,20.8,41.7,Silver
DLR-017,2025,Electrical,27,2.11,827.51,2.19,1070.48,-3.7,-22.7,14.8,Silver
DLR-017,2025,Engine,21,2.72,2130.37,2.65,2572.53,2.6,-17.2,19.0,Silver
DLR-017,2025,Emission,31,2.45,1793.7,2.47,1867.57,-0.8,-4.0,19.4,Silver
DLR-018,2023,Cooling,17,2.17,706.13,2.71,884.65,-19.9,-20.2,29.4,Silver
DLR-018,2023,Drivetrain,9,1.62,3078.81,1.44,2414.88,12.5,27.5,11.1,Silver
DLR-018,2023,Cab/Body,8,1.39,309.36,1.5,287.77,-7.3,7.5,37.5,Silver
DLR-018,2023,Transmission,5,3.4,2969.43,2.92,2806.6,16.4,5.8,0.0,Silver
DLR-018,2023,Brake,19,2.62,686.47,2.7,631.66,-3.0,8.7,15.8,Silver
DLR-018,2023,Fuel,12,1.48,941.15,1.48,1155.7,0.0,-18.6,25.0,Silver
DLR-018,2023,Electrical,12,2.28,1016.15,2.12,994.67,7.5,2.2,41.7,Silver
DLR-018,2023,Engine,17,2.48,2736.29,2.64,2708.09,-6.1,1.0,17.6,Silver
DLR-018,2023,Emission,23,2.52,2174.05,2.51,1999.65,0.4,8.7,30.4,Silver
DLR-018,2024,Cooling,18,2.35,780.35,2.8,982.88,-16.1,-20.6,0.0,Silver
DLR-018,2024,Drivetrain,10,1.98,3910.6,1.45,2329.16,36.6,67.9,30.0,Silver
DLR-018,2024,Cab/Body,10,1.56,260.82,1.57,271.57,-0.6,-4.0,20.0,Silver
DLR-018,2024,Transmission,16,2.64,2708.12,2.79,2712.8,-5.4,-0.2,12.5,Silver
DLR-018,2024,Brake,22,2.68,436.27,2.67,550.91,0.4,-20.8,13.6,Silver
DLR-018,2024,Fuel,30,1.43,1170.2,1.46,1082.29,-2.1,8.1,16.7,Silver
DLR-018,2024,Electrical,19,2.04,896.78,2.21,1056.65,-7.7,-15.1,15.8,Silver
DLR-018,2024,Engine,21,2.61,2348.22,2.65,2643.22,-1.5,-11.2,9.5,Silver
DLR-018,2024,Emission,35,2.39,1964.72,2.46,1961.38,-2.8,0.2,11.4,Silver
DLR-018,2025,Cooling,22,2.77,1031.48,2.68,880.1,3.4,17.2,22.7,Silver
DLR-018,2025,Drivetrain,8,1.12,1446.94,1.49,2520.73,-24.8,-42.6,25.0,Silver
DLR-018,2025,Cab/Body,13,1.52,284.74,1.55,272.24,-1.9,4.6,7.7,Silver
DLR-018,2025,Transmission,13,3.23,2937.52,2.98,2854.02,8.4,2.9,15.4,Silver
DLR-018,2025,Brake,21,2.81,593.94,2.71,588.82,3.7,0.9,9.5,Silver
DLR-018,2025,Fuel,13,1.48,1143.92,1.46,1141.56,1.4,0.2,15.4,Silver
DLR-018,2025,Electrical,19,2.19,967.66,2.18,1043.03,0.5,-7.2,31.6,Silver
DLR-018,2025,Engine,28,2.67,2502.63,2.65,2535.45,0.8,-1.3,25.0,Silver
DLR-018,2025,Emission,34,2.48,1681.85,2.46,1885.22,0.8,-10.8,26.5,Silver
DLR-019,2023,Cooling,20,2.6,772.57,2.65,877.01,-1.9,-11.9,15.0,Silver
DLR-019,2023,Drivetrain,7,1.36,2214.53,1.48,2569.53,-8.1,-13.8,14.3,Silver
DLR-019,2023,Cab/Body,8,1.46,294.38,1.48,290.03,-1.4,1.5,25.0,Silver
DLR-019,2023,Transmission,9,3.08,2977.1,2.94,2794.39,4.8,6.5,22.2,Silver
DLR-019,2023,Brake,22,2.69,684.22,2.69,630.08,0.0,8.6,22.7,Silver
DLR-019,2023,Fuel,12,1.54,1172.94,1.47,1124.61,4.8,4.3,8.3,Silver
DLR-019,2023,Electrical,20,2.06,1068.72,2.15,983.0,-4.2,8.7,20.0,Silver
DLR-019,2023,Engine,16,2.81,2974.3,2.58,2667.0,8.9,11.5,25.0,Silver
DLR-019,2023,Emission,32,2.49,1687.27,2.52,2096.43,-1.2,-19.5,25.0,Silver
DLR-019,2024,Cooling,20,2.76,1022.45,2.75,950.57,0.4,7.6,15.0,Silver
DLR-019,2024,Drivetrain,13,1.6,2015.74,1.5,2611.67,6.7,-22.8,23.1,Silver
DLR-019,2024,Cab/Body,10,1.69,233.82,1.55,275.27,9.0,-15.1,20.0,Silver
DLR-019,2024,Transmission,9,2.84,2680.75,2.75,2715.41,3.3,-1.3,33.3,Silver
DLR-019,2024,Brake,19,2.65,552.07,2.68,531.76,-1.1,3.8,10.5,Silver
DLR-019,2024,Fuel,17,1.37,831.74,1.47,1137.77,-6.8,-26.9,17.6,Silver
DLR-019,2024,Electrical,14,2.15,929.1,2.2,1047.51,-2.3,-11.3,35.7,Silver
DLR-019,2024,Engine,9,2.77,1931.88,2.63,2640.9,5.3,-26.8,11.1,Silver
DLR-019,2024,Emission,24,2.43,2000.91,2.45,1957.7,-0.8,2.2,29.2,Silver
DLR-019,2025,Cooling,23,2.77,855.95,2.68,901.6,3.4,-5.1,8.7,Silver
DLR-019,2025,Drivetrain,9,1.33,2234.49,1.47,2446.48,-9.5,-8.7,22.2,Silver
DLR-019,2025,Cab/Body,15,1.61,240.47,1.53,279.67,5.2,-14.0,13.3,Silver
DLR-019,2025,Transmission,14,3.04,2859.21,3.01,2865.03,1.0,-0.2,14.3,Silver
DLR-019,2025,Brake,35,2.7,588.93,2.72,589.5,-0.7,-0.1,14.3,Silver
DLR-019,2025,Fuel,16,1.53,1124.92,1.45,1144.17,5.5,-1.7,12.5,Silver
DLR-019,2025,Electrical,29,2.26,887.15,2.17,1062.37,4.1,-16.5,24.1,Silver
DLR-019,2025,Engine,23,2.6,2440.55,2.66,2542.81,-2.3,-4.0,21.7,Silver
DLR-019,2025,Emission,33,2.55,1725.09,2.45,1878.75,4.1,-8.2,21.2,Silver
DLR-020,2023,Cooling,13,2.76,894.65,2.63,857.95,4.9,4.3,7.7,Silver
DLR-020,2023,Drivetrain,7,1.37,2248.33,1.48,2564.98,-7.4,-12.3,28.6,Silver
DLR-020,2023,Cab/Body,9,1.37,314.02,1.5,286.55,-8.7,9.6,33.3,Silver
DLR-020,2023,Transmission,9,2.87,2730.18,2.97,2832.05,-3.4,-3.6,11.1,Silver
DLR-020,2023,Brake,20,2.73,492.91,2.68,666.67,1.9,-26.1,25.0,Silver
DLR-020,2023,Fuel,14,1.53,1055.79,1.47,1143.48,4.1,-7.7,28.6,Silver
DLR-020,2023,Electrical,14,2.13,965.02,2.14,1002.06,-0.5,-3.7,7.1,Silver
DLR-020,2023,Engine,11,2.69,2411.29,2.61,2746.69,3.1,-12.2,18.2,Silver
DLR-020,2023,Emission,12,2.74,2409.38,2.5,1995.48,9.6,20.7,25.0,Silver
DLR-020,2024,Cooling,19,2.54,975.95,2.77,957.94,-8.3,1.9,26.3,Silver
DLR-020,2024,Drivetrain,8,1.02,1483.71,1.57,2627.43,-35.0,-43.5,25.0,Silver
DLR-020,2024,Cab/Body,12,1.48,290.65,1.58,266.83,-6.3,8.9,25.0,Silver
DLR-020,2024,Transmission,12,2.66,2611.14,2.78,2728.78,-4.3,-4.3,16.7,Silver
DLR-020,2024,Brake,12,2.71,483.61,2.67,538.47,1.5,-10.2,8.3,Silver
DLR-020,2024,Fuel,19,1.53,1053.55,1.45,1108.35,5.5,-4.9,26.3,Silver
DLR-020,2024,Electrical,16,2.63,1111.4,2.14,1026.67,22.9,8.3,12.5,Silver
DLR-020,2024,Engine,24,2.64,2400.44,2.64,2636.83,0.0,-9.0,16.7,Silver
DLR-020,2024,Emission,27,2.44,1820.99,2.45,1978.64,-0.4,-8.0,25.9,Silver
DLR-020,2025,Cooling,25,2.57,883.21,2.71,898.17,-5.2,-1.7,24.0,Silver
DLR-020,2025,Drivetrain,21,1.31,2049.97,1.51,2539.5,-13.2,-19.3,19.0,Silver
DLR-020,2025,Cab/Body,8,1.35,288.37,1.56,272.6,-13.5,5.8,25.0,Silver
DLR-020,2025,Transmission,12,2.81,2749.47,3.04,2878.91,-7.6,-4.5,41.7,Silver
DLR-020,2025,Brake,20,2.54,685.68,2.74,575.47,-7.3,19.2,15.0,Silver
DLR-020,2025,Fuel,21,1.45,1208.78,1.46,1128.97,-0.7,7.1,14.3,Silver
DLR-020,2025,Electrical,20,2.05,1040.83,2.2,1034.36,-6.8,0.6,5.0,Silver
DLR-020,2025,Engine,21,2.61,2409.36,2.66,2544.86,-1.9,-5.3,14.3,Silver
DLR-020,2025,Emission,28,2.51,2007.44,2.46,1841.81,2.0,9.0,25.0,Silver
